{
  "project_info": {
    "project_number": "813265252196",
    "project_id": "theresaconnect",
    "storage_bucket": "theresaconnect.appspot.com"
  },
  "client": [
    {
      "client_info": {
        "mobilesdk_app_id": "1:813265252196:android:2f55c971c832f4e82cd471",
        "android_client_info": {
          "package_name": "com.example.theresaconnect"
        }
      },
      "oauth_client": [],
      "api_key": [
        {
          "current_key": "AIzaSyAE8iC5k9TwRA4LPsfoNFL4KgY77qfuCGA"
        }
      ],
      "services": {
        "appinvite_service": {
          "other_platform_oauth_client": []
        }
      }
    }
  ],
  "configuration_version": "1"
}