{
  "project_info": {
    "project_number": "638408465821",
    "project_id": "navtest-5028e",
    "storage_bucket": "navtest-5028e.appspot.com"
  },
  "client": [
    {
      "client_info": {
        "mobilesdk_app_id": "1:638408465821:android:394e0313ebabd6bc57e374",
        "android_client_info": {
          "package_name": "com.example.navtest"
        }
      },
      "oauth_client": [],
      "api_key": [
        {
          "current_key": "AIzaSyDpaHMBk6oKyDCQygvXr9P0AmkdFfIO4S0"
        }
      ],
      "services": {
        "appinvite_service": {
          "other_platform_oauth_client": []
        }
      }
    }
  ],
  "configuration_version": "1"
}